{
  "model": "HybridNKMedium",
  "observations": 160,
  "map_success": true,
  "negative_log_posterior_map": -1362.5265914149713,
  "acceptance_rate": 0.2048,
  "posterior_draws": 1500,
  "map_economic": {
    "h": 0.6522649479461303,
    "gamma_pi": 0.29875369043330563,
    "rho_i": 0.75340175823128,
    "phi_pi": 1.7189146441410172,
    "phi_x": 0.24729363184501774,
    "rho_z": 0.7541091261039264,
    "rho_u": 0.5990101093079296,
    "rho_m": 0.3413144314810626,
    "sig_z": 0.1920086912975326,
    "sig_u": 0.12331506445181868,
    "sig_m": 0.07824123054974354
  },
  "posterior_mean": {
    "h": 0.6524711848634726,
    "gamma_pi": 0.29946830631978966,
    "rho_i": 0.7543978665041865,
    "phi_pi": 1.7236814171508685,
    "phi_x": 0.2485005009544204,
    "rho_z": 0.7547893208416426,
    "rho_u": 0.5976831141297342,
    "rho_m": 0.33494067251513926,
    "sig_z": 0.19136792089269747,
    "sig_u": 0.11983481026160973,
    "sig_m": 0.07636044298934265
  }
}