{
  "parameter_order": [
    "sig_d",
    "sig_s",
    "sig_m",
    "beta",
    "sigma",
    "kappa",
    "phi_pi",
    "phi_x"
  ],
  "parameters": {
    "sig_d": 3.263933865830626,
    "sig_s": 2.281417722541723,
    "sig_m": 1.8397620486439672,
    "beta": 0.992493637415447,
    "sigma": 2.2615937232618766,
    "kappa": 0.30150700850328505,
    "phi_pi": 1.0007509678898938,
    "phi_x": 0.18385016833348625
  },
  "negative_log_posterior": 586.7712107415508
}
