{
  "model": "SmallOpenEconomyNK",
  "observations": 160,
  "map_success": true,
  "negative_log_posterior_map": -1534.0145334654696,
  "acceptance_rate": 0.2384,
  "posterior_draws": 1500,
  "map_economic": {
    "rho_i": 0.7975499625417015,
    "phi_pi": 1.5888132931663381,
    "phi_x": 0.20029861873268132,
    "phi_q": 0.0713891685301204,
    "rho_q": 0.7049348882146258,
    "rho_r": 0.7989303727033381,
    "rho_u": 0.5269602084318098,
    "rho_m": 0.27830733410192005,
    "sig_q": 0.11038233910422603,
    "sig_r": 0.13775964806656163,
    "sig_u": 0.10547978601948851,
    "sig_m": 0.07195674533265735
  },
  "posterior_mean": {
    "rho_i": 0.7981613798901845,
    "phi_pi": 1.5926714238580784,
    "phi_x": 0.20097636240377673,
    "phi_q": 0.08295352648012586,
    "rho_q": 0.7478446623990648,
    "rho_r": 0.7996642917683985,
    "rho_u": 0.5245871415827692,
    "rho_m": 0.27310144081868454,
    "sig_q": 0.11033300299668948,
    "sig_r": 0.13863316104838408,
    "sig_u": 0.10889164250385712,
    "sig_m": 0.07425766691582333
  }
}